City_ID,City,Country,Lat,Lng,Max Temp,Humidity,Cloudiness,Wind Speed,Current Description,Date
0,Massakory,TD,12.996,15.7293,80.11,73,39,6.98,light rain,2021-08-07 20:28:00
1,Rikitea,PF,-23.1203,-134.9692,74.01,80,11,12.33,few clouds,2021-08-07 20:24:49
2,Mataura,NZ,-46.1927,168.8643,35.47,99,100,0.94,overcast clouds,2021-08-07 20:28:00
3,Talnakh,RU,69.4865,88.3972,55.18,60,10,3.96,clear sky,2021-08-07 20:24:43
4,Upernavik,GL,72.7868,-56.1549,40.86,95,100,9.15,overcast clouds,2021-08-07 20:28:00
5,Atuona,PF,-9.8,-139.0333,76.87,83,88,16.15,light rain,2021-08-07 20:25:07
6,Beringovskiy,RU,63.05,179.3167,43.75,87,100,25.7,light rain,2021-08-07 20:28:01
7,Romanovo,RU,52.6182,81.2271,64.17,55,66,5.53,broken clouds,2021-08-07 20:28:01
8,Ixtapa,MX,20.7,-105.2,88.23,70,20,9.22,few clouds,2021-08-07 20:26:06
9,Albany,US,42.6001,-73.9662,87.15,72,99,4.03,overcast clouds,2021-08-07 20:23:42
10,Ocampo,MX,21.65,-101.5,71.74,51,28,12.62,scattered clouds,2021-08-07 20:28:01
11,Tuktoyaktuk,CA,69.4541,-133.0374,44.6,81,90,13.8,overcast clouds,2021-08-07 20:28:02
12,Cape Town,ZA,-33.9258,18.4232,52.21,93,90,5.75,fog,2021-08-07 20:25:15
13,Kavieng,PG,-2.5744,150.7967,81.27,78,99,13.87,moderate rain,2021-08-07 20:26:15
14,Punta Arenas,CL,-53.15,-70.9167,35.71,80,0,23.02,clear sky,2021-08-07 20:24:43
15,Tuatapere,NZ,-46.1333,167.6833,35.82,96,100,2.95,overcast clouds,2021-08-07 20:25:16
16,Kurchum,KZ,48.5722,83.6542,65.37,45,93,4.97,overcast clouds,2021-08-07 20:28:02
17,Busselton,AU,-33.65,115.3333,57.04,93,98,6.53,light rain,2021-08-07 20:24:54
18,Saldanha,ZA,-33.0117,17.9442,48.25,73,100,6.26,overcast clouds,2021-08-07 20:28:03
19,Kununurra,AU,-15.7667,128.7333,55.38,54,20,1.14,few clouds,2021-08-07 20:28:03
20,Bowen,AU,-20.0167,148.2333,53.82,89,0,9.78,clear sky,2021-08-07 20:28:03
21,Kodiak,US,57.79,-152.4072,56.71,72,90,9.22,light rain,2021-08-07 20:25:10
22,Victoria,HK,22.2855,114.1577,84.16,87,100,8.57,overcast clouds,2021-08-07 20:26:52
23,Hanzhong,CN,33.0728,107.0303,68.45,92,100,1.19,light rain,2021-08-07 20:28:04
24,Kalininskaya,RU,45.4822,38.6628,79.21,69,100,5.1,overcast clouds,2021-08-07 20:28:04
25,Vaini,TO,-21.2,-175.2,68.16,77,40,5.75,scattered clouds,2021-08-07 20:28:05
26,Narsaq,GL,60.9167,-46.05,50.22,94,100,9.51,heavy intensity rain,2021-08-07 20:25:28
27,Mount Gambier,AU,-37.8333,140.7667,35.51,100,90,8.05,overcast clouds,2021-08-07 20:28:05
28,Kodinsk,RU,58.6881,99.1844,58.75,64,85,1.74,overcast clouds,2021-08-07 20:28:05
29,Dikson,RU,73.5069,80.5464,49.55,72,11,3.74,few clouds,2021-08-07 20:25:41
30,Austin,US,30.2672,-97.7431,96.19,55,1,5.99,clear sky,2021-08-07 20:25:43
31,Ponta Delgada,PT,37.7333,-25.6667,70.52,64,75,6.91,broken clouds,2021-08-07 20:28:06
32,Xining,CN,36.6167,101.7667,57.4,77,100,2.91,overcast clouds,2021-08-07 20:28:06
33,Miri,MY,4.4148,114.0089,73.54,100,40,11.5,heavy intensity rain,2021-08-07 20:26:03
34,Tasiilaq,GL,65.6145,-37.6368,46.56,95,100,7.02,light rain,2021-08-07 20:28:06
35,Saint-Philippe,RE,-21.3585,55.7679,71.15,77,37,12.06,scattered clouds,2021-08-07 20:28:07
36,Longyearbyen,SJ,78.2186,15.6401,46.24,76,75,11.5,broken clouds,2021-08-07 20:27:48
37,Lebu,CL,-37.6167,-73.65,50.56,70,6,22.01,clear sky,2021-08-07 20:24:57
38,Hasaki,JP,35.7333,140.8333,77.4,88,100,14.63,heavy intensity rain,2021-08-07 20:27:01
39,Urengoy,RU,65.9667,78.3667,60.53,60,3,6.35,clear sky,2021-08-07 20:28:07
40,Ushuaia,AR,-54.8,-68.3,29.86,93,100,35.68,heavy snow,2021-08-07 20:28:07
41,Khorinsk,RU,52.1657,109.7726,53.92,90,100,3.85,overcast clouds,2021-08-07 20:28:08
42,Thompson,CA,55.7435,-97.8558,77.16,57,20,8.05,smoke,2021-08-07 20:25:03
43,Kapaa,US,22.0752,-159.319,84.52,66,20,3.0,few clouds,2021-08-07 20:24:54
44,Kaitangata,NZ,-46.2817,169.8464,36.84,85,100,1.99,overcast clouds,2021-08-07 20:25:34
45,Geraldton,AU,-28.7667,114.6,61.21,94,40,9.22,scattered clouds,2021-08-07 20:26:08
46,Butaritari,KI,3.0707,172.7902,82.22,69,15,14.38,few clouds,2021-08-07 20:25:25
47,Disna,BY,55.568,28.1971,59.05,93,98,8.93,overcast clouds,2021-08-07 20:28:08
48,Bredasdorp,ZA,-34.5322,20.0403,51.28,93,100,2.3,overcast clouds,2021-08-07 20:24:46
49,Ulladulla,AU,-35.35,150.4667,50.09,86,79,6.53,light rain,2021-08-07 20:28:09
50,Alofi,NU,-19.0595,-169.9187,75.09,73,40,10.36,scattered clouds,2021-08-07 20:28:09
51,Watertown,US,42.3709,-71.1828,89.98,56,20,1.01,few clouds,2021-08-07 20:23:09
52,Salalah,OM,17.0151,54.0924,78.89,89,90,6.91,light intensity drizzle,2021-08-07 20:28:09
53,Trairi,BR,-3.2778,-39.2689,81.27,69,56,15.19,broken clouds,2021-08-07 20:24:48
54,Laerdalsoyri,NO,61.098,7.4816,61.93,72,100,4.54,overcast clouds,2021-08-07 20:28:10
55,Hilo,US,19.7297,-155.09,82.26,73,75,10.36,broken clouds,2021-08-07 20:28:10
56,Jalu,LY,29.0331,21.5482,91.38,28,0,14.61,clear sky,2021-08-07 20:26:06
57,Vao,NC,-22.6667,167.4833,67.23,65,100,7.58,overcast clouds,2021-08-07 20:28:10
58,Port Moresby,PG,-9.4431,147.1797,74.62,88,75,11.5,broken clouds,2021-08-07 20:25:42
59,New Norfolk,AU,-42.7826,147.0587,34.92,85,99,2.68,overcast clouds,2021-08-07 20:24:59
60,Lagoa,PT,39.05,-27.9833,68.43,66,10,11.01,clear sky,2021-08-07 20:28:11
61,Xichang,CN,27.8964,102.2634,68.83,91,98,1.63,moderate rain,2021-08-07 20:28:11
62,Satkhira,BD,22.7167,89.1,82.4,90,100,9.28,overcast clouds,2021-08-07 20:28:11
63,Port Alfred,ZA,-33.5906,26.891,59.45,85,67,14.34,broken clouds,2021-08-07 20:28:12
64,Ponta Do Sol,PT,32.6667,-17.1,75.7,82,75,6.29,broken clouds,2021-08-07 20:28:12
65,Saint-Joseph,RE,-21.3667,55.6167,70.16,72,20,10.85,few clouds,2021-08-07 20:28:12
66,Petawawa,CA,45.9001,-77.3328,79.27,74,40,3.0,scattered clouds,2021-08-07 20:28:12
67,Bengkulu,ID,-3.8004,102.2655,75.76,91,11,3.6,few clouds,2021-08-07 20:27:48
68,Ulaanbaatar,MN,47.9077,106.8832,55.53,82,40,2.24,scattered clouds,2021-08-07 20:28:13
69,Puerto Ayora,EC,-0.7393,-90.3518,80.56,83,85,8.99,overcast clouds,2021-08-07 20:25:04
70,Yellowknife,CA,62.456,-114.3525,63.12,72,90,25.32,light rain,2021-08-07 20:28:13
71,Kavaratti,IN,10.5669,72.642,81.46,79,100,20.65,overcast clouds,2021-08-07 20:28:13
72,Los Llanos De Aridane,ES,28.6585,-17.9182,71.35,95,20,9.22,few clouds,2021-08-07 20:26:28
73,Carnarvon,AU,-24.8667,113.6333,66.27,90,40,8.05,scattered clouds,2021-08-07 20:25:03
74,Chichica,PA,8.4922,-82.1627,83.39,81,98,3.6,overcast clouds,2021-08-07 20:28:14
75,Provideniya,RU,64.3833,-173.3,44.31,83,100,7.0,light rain,2021-08-07 20:28:14
76,George Town,MY,5.4112,100.3354,82.33,89,20,2.3,thunderstorm,2021-08-07 20:25:50
77,Chuy,UY,-33.6971,-53.4616,67.73,75,9,5.41,clear sky,2021-08-07 20:24:52
78,Hermanus,ZA,-34.4187,19.2345,51.91,74,92,1.12,overcast clouds,2021-08-07 20:28:15
79,Santa Maria,BR,-29.6842,-53.8069,79.9,50,0,5.75,clear sky,2021-08-07 20:28:15
80,Avarua,CK,-21.2078,-159.775,78.85,69,20,4.61,few clouds,2021-08-07 20:25:12
81,Bara,NG,10.3744,10.7288,74.64,90,100,10.58,light rain,2021-08-07 20:28:15
82,Montepuez,MZ,-13.1256,38.9997,66.85,68,29,7.58,scattered clouds,2021-08-07 20:28:16
83,Erzin,TR,36.9559,36.2,81.32,84,1,2.04,clear sky,2021-08-07 20:28:16
84,Khatanga,RU,71.9667,102.5,50.22,68,73,8.37,broken clouds,2021-08-07 20:25:14
85,San Quintin,MX,30.4833,-115.95,73.89,66,4,10.63,clear sky,2021-08-07 20:28:16
86,Raga,SS,8.4596,25.678,72.01,90,100,3.85,light rain,2021-08-07 20:28:17
87,Fomboni,KM,-12.28,43.7425,76.59,66,0,8.28,clear sky,2021-08-07 20:28:17
88,Ribeira Grande,PT,38.5167,-28.7,72.0,60,40,8.05,scattered clouds,2021-08-07 20:28:17
89,Arraial Do Cabo,BR,-22.9661,-42.0278,71.56,68,40,17.27,scattered clouds,2021-08-07 20:27:35
90,Isangel,VU,-19.55,169.2667,69.91,73,40,4.61,haze,2021-08-07 20:25:27
91,Anna Paulowna,NL,52.862,4.834,60.04,88,75,11.01,broken clouds,2021-08-07 20:28:18
92,Ballinrobe,IE,53.6333,-9.2333,58.48,93,99,12.46,overcast clouds,2021-08-07 20:28:18
93,Hastings,GB,50.8552,0.5729,63.28,90,82,23.76,broken clouds,2021-08-07 20:28:18
94,Kaliyaganj,IN,25.6333,88.3167,81.82,87,100,3.96,overcast clouds,2021-08-07 20:28:19
95,Aykhal,RU,66.0,111.5,48.92,90,100,7.36,overcast clouds,2021-08-07 20:28:19
96,Wanning,CN,18.8003,110.3967,81.34,89,100,10.0,overcast clouds,2021-08-07 20:28:19
97,Bayan,CN,46.0833,127.4,64.33,92,0,4.94,clear sky,2021-08-07 20:28:19
98,Klaksvik,FO,62.2266,-6.589,63.52,91,91,16.8,overcast clouds,2021-08-07 20:28:20
99,Fairbanks,US,64.8378,-147.7164,58.6,90,90,6.91,light rain,2021-08-07 20:25:59
100,Sept-Iles,CA,50.2001,-66.3821,72.12,78,75,10.36,broken clouds,2021-08-07 20:25:03
101,Buraydah,SA,26.326,43.975,91.85,13,91,5.26,overcast clouds,2021-08-07 20:28:20
102,Saint George,US,37.1041,-113.5841,98.64,11,1,1.99,haze,2021-08-07 20:28:20
103,Tocopilla,CL,-22.092,-70.1979,63.03,68,21,7.27,few clouds,2021-08-07 20:28:21
104,Umm Lajj,SA,25.0213,37.2685,91.26,48,3,6.08,clear sky,2021-08-07 20:28:21
105,Qaqortoq,GL,60.7167,-46.0333,50.5,95,100,7.76,heavy intensity rain,2021-08-07 20:28:21
106,La Libertad,EC,-2.2333,-80.9,72.03,79,67,10.85,broken clouds,2021-08-07 20:28:01
107,Gigmoto,PH,13.7796,124.39,81.37,86,88,8.61,overcast clouds,2021-08-07 20:28:21
108,Williston,US,48.147,-103.618,93.58,41,28,3.0,scattered clouds,2021-08-07 20:27:16
109,Mount Isa,AU,-20.7333,139.5,42.57,52,0,1.14,clear sky,2021-08-07 20:25:38
110,Vredendal,ZA,-31.6683,18.5012,59.04,49,100,5.23,overcast clouds,2021-08-07 20:28:22
111,Cravo Norte,CO,6.3017,-70.2041,86.0,60,70,5.59,broken clouds,2021-08-07 20:28:22
112,Torbay,CA,47.6666,-52.7314,73.89,73,75,25.32,broken clouds,2021-08-07 20:28:23
113,Tottori,JP,35.5,134.2333,77.67,82,5,4.27,clear sky,2021-08-07 20:28:23
114,Saskylakh,RU,71.9167,114.0833,49.14,77,100,7.72,overcast clouds,2021-08-07 20:28:23
115,Mar Del Plata,AR,-38.0023,-57.5575,60.82,55,20,8.05,few clouds,2021-08-07 20:28:23
116,Loa Janan,ID,-0.583,117.095,74.39,99,100,0.69,light rain,2021-08-07 20:28:24
117,Antalaha,MG,-14.9003,50.2788,66.69,92,34,6.71,scattered clouds,2021-08-07 20:28:24
118,Kikwit,CD,-5.041,18.8162,79.7,22,79,1.79,broken clouds,2021-08-07 20:28:24
119,Jamestown,US,42.097,-79.2353,80.29,74,75,3.0,broken clouds,2021-08-07 20:24:49
120,Castro,BR,-24.7911,-50.0119,63.61,69,71,5.03,broken clouds,2021-08-07 20:28:25
121,Moultonborough,US,43.7548,-71.3967,88.47,60,100,1.99,overcast clouds,2021-08-07 20:28:25
122,Pafos,CY,34.7667,32.4167,83.98,70,20,6.91,few clouds,2021-08-07 20:28:25
123,Barrow,US,71.2906,-156.7887,37.42,77,75,6.91,broken clouds,2021-08-07 20:25:03
124,Zhigansk,RU,66.7697,123.3711,64.99,39,99,17.96,overcast clouds,2021-08-07 20:28:25
125,Orzhytsya,UA,49.7918,32.7012,64.71,68,99,11.56,overcast clouds,2021-08-07 20:28:26
126,Bend,US,44.0582,-121.3153,89.26,30,1,4.0,clear sky,2021-08-07 20:27:07
127,Naze,JP,28.3667,129.4833,80.04,89,100,24.63,heavy intensity rain,2021-08-07 20:28:26
128,Changying,CN,52.8733,123.3213,58.89,98,99,5.32,overcast clouds,2021-08-07 20:28:26
129,Hobart,AU,-42.8794,147.3294,35.26,89,75,1.99,broken clouds,2021-08-07 20:28:27
130,Galle,LK,6.0367,80.217,78.87,85,100,14.94,overcast clouds,2021-08-07 20:28:27
131,Mandalgovi,MN,45.7625,106.2708,58.08,65,3,13.96,clear sky,2021-08-07 20:28:27
132,Jalalpur,PK,32.6374,74.2183,87.67,79,20,0.0,smoke,2021-08-07 20:28:27
133,Nicoya,CR,10.1483,-85.452,78.35,78,100,3.11,overcast clouds,2021-08-07 20:28:28
134,Barra Patuca,HN,15.8,-84.2833,84.15,72,99,9.82,overcast clouds,2021-08-07 20:28:28
135,Mahajanga,MG,-15.7167,46.3167,73.42,78,20,5.75,few clouds,2021-08-07 20:28:28
136,Omsukchan,RU,62.5333,155.8,48.36,90,100,4.83,overcast clouds,2021-08-07 20:28:29
137,Cap Malheureux,MU,-19.9842,57.6142,70.47,74,23,1.99,light rain,2021-08-07 20:28:29
138,Cabedelo,BR,-6.9811,-34.8339,74.07,79,41,21.5,scattered clouds,2021-08-07 20:28:29
139,Bluff,NZ,-46.6,168.3333,35.8,76,100,2.51,overcast clouds,2021-08-07 20:28:30
140,Black River,JM,18.0264,-77.8487,87.8,66,28,7.65,moderate rain,2021-08-07 20:28:30
141,Bethel,US,41.3712,-73.414,86.36,62,1,9.22,clear sky,2021-08-07 20:25:08
142,Shirvan,AZ,39.9509,48.8994,83.23,49,1,7.27,clear sky,2021-08-07 20:28:30
143,Paralimni,CY,35.0375,33.9833,85.08,77,0,8.16,clear sky,2021-08-07 20:28:31
144,Lavrentiya,RU,65.5833,-171.0,45.41,77,100,17.02,overcast clouds,2021-08-07 20:28:31
145,Nanortalik,GL,60.1432,-45.2371,47.17,92,100,21.47,moderate rain,2021-08-07 20:28:31
146,Codrington,AU,-38.2667,141.9667,42.35,91,7,6.91,clear sky,2021-08-07 20:25:26
147,Khani,GE,41.9563,42.9566,67.57,89,87,5.1,overcast clouds,2021-08-07 20:27:37
148,Tiksi,RU,71.6872,128.8694,45.86,83,48,4.16,scattered clouds,2021-08-07 20:28:32
149,Vila,PT,42.0304,-8.1588,54.34,74,20,3.62,few clouds,2021-08-07 20:28:32
150,Hithadhoo,MV,-0.6,73.0833,82.38,73,100,10.38,overcast clouds,2021-08-07 20:28:33
151,Luena,AO,-11.7833,19.9167,58.69,19,3,3.94,clear sky,2021-08-07 20:28:33
152,Beira,MZ,-19.8436,34.8389,66.29,94,0,6.91,clear sky,2021-08-07 20:28:33
153,Half Moon Bay,US,37.4636,-122.4286,92.05,65,1,1.01,clear sky,2021-08-07 20:24:03
154,Tateyama,JP,34.9833,139.8667,78.82,89,75,16.11,shower rain,2021-08-07 20:28:34
155,Aklavik,CA,68.2191,-135.0107,50.0,71,90,6.91,shower rain,2021-08-07 20:28:34
156,Polson,US,47.6936,-114.1632,82.72,38,40,1.01,scattered clouds,2021-08-07 20:28:34
157,Viedma,AR,-40.8135,-62.9967,55.04,23,100,13.53,overcast clouds,2021-08-07 20:28:35
158,Namibe,AO,-15.1961,12.1522,69.35,81,100,2.17,overcast clouds,2021-08-07 20:28:35
159,Nesbyen,NO,60.5681,9.1027,59.74,94,100,3.36,light rain,2021-08-07 20:28:35
160,Havre-Saint-Pierre,CA,50.2334,-63.5986,66.56,77,40,13.8,scattered clouds,2021-08-07 20:28:36
161,Cidreira,BR,-30.1811,-50.2056,63.59,84,4,10.98,clear sky,2021-08-07 20:28:36
162,Presidencia Roque Saenz Pena,AR,-26.7852,-60.4388,92.53,17,0,11.9,clear sky,2021-08-07 20:28:36
163,Te Anau,NZ,-45.4167,167.7167,34.52,99,100,4.74,moderate rain,2021-08-07 20:28:36
164,Beloha,MG,-25.1667,45.05,63.34,86,0,4.59,clear sky,2021-08-07 20:28:37
165,Kannur,IN,11.8675,75.3576,76.78,89,99,5.44,overcast clouds,2021-08-07 20:28:37
166,Port Lincoln,AU,-34.7333,135.8667,51.3,78,0,10.49,clear sky,2021-08-07 20:26:36
167,Loubomo,CG,-4.1997,12.6739,70.0,85,83,5.73,broken clouds,2021-08-07 20:28:37
168,Kailua,US,21.4022,-157.7394,84.18,64,20,12.66,few clouds,2021-08-07 20:28:38
169,Adrar,MR,20.5022,-10.0711,97.43,22,11,12.01,few clouds,2021-08-07 20:28:38
170,Abu Samrah,SY,35.3029,37.1841,82.49,39,0,10.11,clear sky,2021-08-07 20:28:38
171,Kruisfontein,ZA,-34.0033,24.7314,55.45,72,100,4.36,overcast clouds,2021-08-07 20:28:39
172,Akom,CM,2.6678,12.7109,67.68,98,100,2.59,overcast clouds,2021-08-07 20:28:39
173,Samarai,PG,-10.6167,150.6667,77.38,86,91,15.48,overcast clouds,2021-08-07 20:28:39
174,Henties Bay,NA,-22.116,14.2845,55.85,78,5,7.72,clear sky,2021-08-07 20:27:14
175,Luwuk,ID,-0.9516,122.7875,76.24,91,100,5.73,overcast clouds,2021-08-07 20:28:39
176,Georgetown,MY,5.4112,100.3354,82.33,89,20,2.3,thunderstorm,2021-08-07 20:25:50
177,Darhan,MN,49.4867,105.9228,57.2,80,63,1.23,broken clouds,2021-08-07 20:28:40
178,Diamantino,BR,-14.4086,-56.4461,93.85,20,3,6.71,clear sky,2021-08-07 20:28:40
179,Joshimath,IN,30.5667,79.5667,70.83,88,91,0.69,overcast clouds,2021-08-07 20:28:40
180,Mittagong,AU,-34.45,150.45,43.07,98,8,3.29,clear sky,2021-08-07 20:28:41
181,Cururupu,BR,-1.8283,-44.8683,83.82,64,46,2.75,scattered clouds,2021-08-07 20:28:41
182,Airai,TL,-8.9266,125.4092,52.88,66,23,2.73,few clouds,2021-08-07 20:28:41
183,Primorsko,BG,42.2667,27.7667,70.27,70,0,3.98,clear sky,2021-08-07 20:28:42
184,Asau,RO,46.4333,26.4,63.52,91,1,0.98,clear sky,2021-08-07 20:28:42
185,Kaka,TM,37.3482,59.6143,88.43,16,0,2.06,clear sky,2021-08-07 20:28:42
186,Ukiah,US,39.1502,-123.2078,101.12,24,40,5.75,scattered clouds,2021-08-07 20:28:42
187,Bad Reichenhall,DE,47.7333,12.8833,65.61,63,75,6.91,light rain,2021-08-07 20:28:43
188,Aasiaat,GL,68.7098,-52.8699,37.98,89,100,1.92,overcast clouds,2021-08-07 20:28:43
189,Port Macquarie,AU,-31.4333,152.9167,49.96,85,3,9.22,clear sky,2021-08-07 20:28:43
190,Auki,SB,-8.7676,160.7034,76.48,85,99,3.22,overcast clouds,2021-08-07 20:28:44
191,Iqaluit,CA,63.7506,-68.5145,51.53,58,75,18.41,broken clouds,2021-08-07 20:28:44
192,Golden,US,39.7555,-105.2211,84.29,28,1,3.0,smoke,2021-08-07 20:28:44
193,Pacific Grove,US,36.6177,-121.9166,88.81,76,20,4.0,few clouds,2021-08-07 20:24:44
194,Manali,IN,13.1667,80.2667,86.09,71,25,15.66,scattered clouds,2021-08-07 20:28:44
195,Varia,FR,44.5725,-0.1104,65.01,80,0,6.82,clear sky,2021-08-07 20:28:45
196,Kutum,SD,14.2,24.6667,76.86,59,88,12.26,overcast clouds,2021-08-07 20:28:45
197,Mosquera,CO,4.7059,-74.2302,61.77,70,69,4.16,broken clouds,2021-08-07 20:28:45
198,Leningradskiy,RU,69.3833,178.4167,37.17,79,98,12.33,overcast clouds,2021-08-07 20:28:46
199,Mahebourg,MU,-20.4081,57.7,70.25,78,40,8.05,scattered clouds,2021-08-07 20:25:15
200,Qaanaaq,GL,77.484,-69.3632,41.61,75,98,1.66,overcast clouds,2021-08-07 20:28:46
201,La Ronge,CA,55.1001,-105.2842,73.62,49,20,6.91,few clouds,2021-08-07 20:28:46
202,Sitka,US,57.0531,-135.33,62.49,82,75,8.05,broken clouds,2021-08-07 20:28:47
203,Eydhafushi,MV,5.1033,73.0708,83.03,75,100,15.17,overcast clouds,2021-08-07 20:28:47
204,Hohhot,CN,40.8106,111.6522,68.29,45,0,4.47,clear sky,2021-08-07 20:28:47
205,Homer,US,59.6425,-151.5483,69.08,76,1,6.91,clear sky,2021-08-07 20:28:48
206,Teberda,RU,43.4456,41.7448,62.62,92,100,5.77,light rain,2021-08-07 20:28:48
207,Zig,US,40.127,-92.7663,87.39,70,1,7.0,clear sky,2021-08-07 20:28:48
208,Bathsheba,BB,13.2167,-59.5167,86.61,66,20,11.5,few clouds,2021-08-07 20:28:48
209,Noumea,NC,-22.2763,166.4572,57.18,69,100,5.61,overcast clouds,2021-08-07 20:28:49
210,Mogadishu,SO,2.0371,45.3438,76.33,84,65,21.88,broken clouds,2021-08-07 20:28:49
211,Kerema,PG,-7.9631,145.7785,74.25,91,100,4.59,overcast clouds,2021-08-07 20:28:49
212,Eregli,TR,37.5133,34.0467,66.74,64,100,5.19,overcast clouds,2021-08-07 20:28:49
213,Bilma,NE,18.6853,12.9164,98.74,21,88,13.09,overcast clouds,2021-08-07 20:28:50
214,Cabo San Lucas,MX,22.8909,-109.9124,90.7,66,40,13.8,thunderstorm,2021-08-07 20:28:50
215,Chumphon,TH,10.3333,98.8333,72.93,95,79,3.6,broken clouds,2021-08-07 20:28:50
216,Lasa,IT,46.6166,10.7002,63.86,98,93,4.41,light rain,2021-08-07 20:28:51
217,Vila Franca Do Campo,PT,37.7167,-25.4333,70.21,68,14,8.14,few clouds,2021-08-07 20:28:51
218,Ban Dung,TH,17.699,103.2596,78.51,84,100,5.84,overcast clouds,2021-08-07 20:28:51
219,Todos Santos,MX,23.45,-110.2167,90.19,72,60,11.65,broken clouds,2021-08-07 20:28:51
220,Baruun-Urt,MN,46.6806,113.2792,64.96,55,100,5.73,overcast clouds,2021-08-07 20:28:52
221,Nikolskoye,RU,59.7035,30.7861,64.29,99,100,5.82,light rain,2021-08-07 20:24:42
222,Pisco,PE,-13.7,-76.2167,66.25,68,40,11.5,scattered clouds,2021-08-07 20:26:05
223,Vardo,NO,70.3705,31.1107,57.63,70,50,8.5,scattered clouds,2021-08-07 20:25:53
224,Ossora,RU,59.2353,163.0719,54.82,73,98,10.4,overcast clouds,2021-08-07 20:28:52
225,Guerrero Negro,MX,27.9769,-114.0611,82.02,54,47,10.85,scattered clouds,2021-08-07 20:28:52
226,Mgandu,TZ,-5.95,34.1333,66.11,48,29,8.72,scattered clouds,2021-08-07 20:28:53
227,Deputatskiy,RU,69.3,139.9,49.08,76,74,3.15,broken clouds,2021-08-07 20:28:53
228,Russell,US,32.3502,-85.1999,90.68,53,40,3.44,scattered clouds,2021-08-07 20:28:53
229,Komsomolskiy,UZ,40.4272,71.7189,79.52,36,65,11.5,broken clouds,2021-08-07 20:25:27
230,Vozrozhdeniye,RU,44.5503,38.2136,77.25,85,98,4.79,overcast clouds,2021-08-07 20:28:54
231,Kamaishi,JP,39.2667,141.8833,77.04,96,100,6.4,overcast clouds,2021-08-07 20:27:14
232,Vestmanna,FO,62.1564,-7.1664,61.72,63,40,14.97,scattered clouds,2021-08-07 20:28:54
233,Juba,SS,4.8517,31.5825,73.56,81,5,5.01,clear sky,2021-08-07 20:28:54
234,Bambous Virieux,MU,-20.3428,57.7575,70.21,78,40,8.05,light rain,2021-08-07 20:28:55
235,Esperance,AU,-33.8667,121.9,57.04,74,100,4.61,overcast clouds,2021-08-07 20:28:55
236,Sumter,US,28.7086,-82.0831,95.11,62,70,8.99,broken clouds,2021-08-07 20:28:55
237,Hay River,CA,60.8156,-115.7999,58.98,94,75,13.8,light rain,2021-08-07 20:26:57
238,Sorland,NO,67.667,12.6934,57.65,79,100,12.55,overcast clouds,2021-08-07 20:27:23
239,Hudson Bay,CA,52.85,-102.3842,90.77,25,93,13.51,overcast clouds,2021-08-07 20:28:56
240,Teguise,ES,29.0605,-13.564,71.82,73,75,12.66,broken clouds,2021-08-07 20:28:56
241,Camacupa,AO,-12.0167,17.4833,62.94,17,8,2.75,clear sky,2021-08-07 20:28:56
242,Quatre Cocos,MU,-20.2078,57.7625,70.09,77,61,11.01,light rain,2021-08-07 20:28:57
243,Banjar,ID,-8.19,114.9675,80.46,92,32,3.56,scattered clouds,2021-08-07 20:25:19
244,Kungurtug,RU,50.5994,97.5228,47.95,96,100,0.58,overcast clouds,2021-08-07 20:28:57
245,Mehamn,NO,71.0357,27.8492,62.44,63,60,6.98,broken clouds,2021-08-07 20:28:57
246,Nemuro,JP,43.3236,145.575,67.98,98,30,10.96,scattered clouds,2021-08-07 20:28:58
247,Xiaoshi,CN,41.2971,124.1209,66.22,91,78,2.13,broken clouds,2021-08-07 20:28:58
248,Sorong,ID,-0.8833,131.25,77.76,88,100,7.0,moderate rain,2021-08-07 20:28:58
249,Esfarayen,IR,37.0765,57.5101,73.06,20,3,5.93,clear sky,2021-08-07 20:28:58
250,Mao,ES,39.8885,4.2658,79.36,83,40,13.8,scattered clouds,2021-08-07 20:28:59
251,Faanui,PF,-16.4833,-151.75,78.06,71,25,8.01,scattered clouds,2021-08-07 20:28:59
252,Hun,LY,29.1268,15.9477,94.17,26,0,17.72,clear sky,2021-08-07 20:28:59
253,Mitsamiouli,KM,-11.3847,43.2844,77.23,66,96,3.96,overcast clouds,2021-08-07 20:29:00
254,Iracoubo,GF,5.4802,-53.2011,79.29,87,89,4.92,overcast clouds,2021-08-07 20:29:00
255,Cairns,AU,-16.9167,145.7667,68.11,91,75,9.22,light intensity shower rain,2021-08-07 20:25:41
256,Chokurdakh,RU,70.6333,147.9167,52.63,59,45,5.53,scattered clouds,2021-08-07 20:25:14
257,Hukuntsi,BW,-24.0,21.75,60.98,16,0,7.29,clear sky,2021-08-07 20:29:00
258,Simao,CN,22.7886,100.9748,65.62,98,98,0.63,overcast clouds,2021-08-07 20:29:01
259,Sarankhola,BD,22.3082,89.7897,80.78,91,100,7.9,overcast clouds,2021-08-07 20:29:01
260,Vila Velha,BR,-20.3297,-40.2925,67.95,88,40,2.3,scattered clouds,2021-08-07 20:28:14
261,Tingi,TZ,-11.3,35.0333,60.6,51,3,3.13,clear sky,2021-08-07 20:29:01
262,Nouadhibou,MR,20.931,-17.0347,71.58,83,0,11.5,clear sky,2021-08-07 20:29:01
263,Constitucion,CL,-35.3333,-72.4167,55.33,65,100,13.71,overcast clouds,2021-08-07 20:29:02
264,Ilulissat,GL,69.2167,-51.1,42.69,70,100,7.83,overcast clouds,2021-08-07 20:29:02
265,Faya,SA,18.3851,42.4509,64.51,66,36,2.21,scattered clouds,2021-08-07 20:26:44
266,Port Elizabeth,ZA,-33.918,25.5701,59.29,94,40,6.91,scattered clouds,2021-08-07 20:29:02
267,Severo-Kurilsk,RU,50.6789,156.125,53.76,78,96,7.72,overcast clouds,2021-08-07 20:25:20
268,Korla,CN,41.7597,86.1469,77.95,36,4,4.23,clear sky,2021-08-07 20:29:03
269,Bandarbeyla,SO,9.4942,50.8122,75.43,85,8,29.46,clear sky,2021-08-07 20:29:03
270,Hami,CN,42.8,93.45,79.86,22,3,8.41,clear sky,2021-08-07 20:27:00
271,Skibbereen,IE,51.55,-9.2667,58.8,83,36,20.74,scattered clouds,2021-08-07 20:29:04
272,Svetlyy,RU,54.675,20.1347,59.05,77,98,5.73,overcast clouds,2021-08-07 20:26:52
273,Northam,GB,51.0333,-4.2167,61.39,91,13,21.54,few clouds,2021-08-07 20:26:12
274,Cadiz,ES,36.5,-5.75,71.02,76,0,4.97,clear sky,2021-08-07 20:24:54
275,Cherskiy,RU,68.75,161.3,54.91,50,81,4.61,broken clouds,2021-08-07 20:25:15
276,Umm Kaddadah,SD,13.6017,26.6876,83.28,48,64,12.15,broken clouds,2021-08-07 20:29:04
277,Matara,LK,5.9485,80.5353,77.63,88,100,13.4,overcast clouds,2021-08-07 20:29:04
278,Lorengau,PG,-2.0226,147.2712,80.08,77,45,6.87,scattered clouds,2021-08-07 20:29:05
279,Tessalit,ML,20.1986,1.0114,96.78,23,63,7.78,broken clouds,2021-08-07 20:27:16
280,Clearlake,US,38.9582,-122.6264,98.26,18,0,6.46,clear sky,2021-08-07 20:27:11
281,Acarau,BR,-2.8856,-40.12,82.63,65,87,19.22,overcast clouds,2021-08-07 20:27:01
282,Nyurba,RU,63.2842,118.3319,61.83,86,100,9.1,overcast clouds,2021-08-07 20:29:05
283,Taylor,US,32.3001,-99.8337,96.53,38,20,4.0,few clouds,2021-08-07 20:29:06
284,Palana,RU,59.1167,159.9667,48.29,87,96,12.19,overcast clouds,2021-08-07 20:29:06
285,San Cristobal,VE,7.7669,-72.225,84.38,47,60,6.85,broken clouds,2021-08-07 20:29:06
286,Itarema,BR,-2.9248,-39.9167,81.37,68,93,18.37,overcast clouds,2021-08-07 20:29:06
287,Oranjemund,NA,-28.55,16.4333,59.7,60,20,2.64,few clouds,2021-08-07 20:29:07
288,Norman Wells,CA,65.282,-126.8329,51.84,62,90,10.36,overcast clouds,2021-08-07 20:29:07
289,Vargem Alta,BR,-20.6714,-41.0069,61.29,75,100,5.44,overcast clouds,2021-08-07 20:29:07
290,Mitchell,US,43.7094,-98.0298,87.78,58,1,3.44,clear sky,2021-08-07 20:29:08
291,Smiths Falls,CA,44.9001,-76.0161,82.65,68,55,3.24,broken clouds,2021-08-07 20:29:08
292,Rudnogorsk,RU,57.2639,103.7519,49.87,86,9,0.89,clear sky,2021-08-07 20:29:08
293,Sale,MA,34.0389,-6.8166,72.28,83,75,5.75,broken clouds,2021-08-07 20:24:40
294,Awjilah,LY,29.1081,21.2869,90.36,31,0,14.12,clear sky,2021-08-07 20:29:09
295,Melfort,CA,52.8667,-104.6177,77.76,53,77,9.22,broken clouds,2021-08-07 20:29:09
296,Leiyang,CN,26.4024,112.8591,78.82,95,89,0.45,light rain,2021-08-07 20:29:09
297,Kalemie,CD,-5.9475,29.1947,73.92,52,100,2.15,overcast clouds,2021-08-07 20:29:09
298,Pangnirtung,CA,66.1451,-65.7125,42.67,81,100,3.76,overcast clouds,2021-08-07 20:27:26
299,Sawakin,SD,19.1059,37.3321,94.41,43,8,8.84,clear sky,2021-08-07 20:29:10
300,Alice Springs,AU,-23.7,133.8833,36.95,60,0,5.75,clear sky,2021-08-07 20:25:23
301,Nelson Bay,AU,-32.7167,152.15,55.0,80,98,9.01,overcast clouds,2021-08-07 20:29:10
302,Tourlaville,FR,49.6383,-1.5664,60.66,82,90,17.27,overcast clouds,2021-08-07 20:29:10
303,Camacha,PT,33.0833,-16.3333,70.54,78,75,5.75,broken clouds,2021-08-07 20:27:19
304,Sri Aman,MY,1.2376,111.4621,77.05,94,100,0.0,overcast clouds,2021-08-07 20:29:11
305,Paraiso,CR,9.8383,-83.8656,71.89,72,79,3.29,broken clouds,2021-08-07 20:29:11
306,Sabancuy,MX,18.9667,-91.1833,90.77,57,65,11.92,broken clouds,2021-08-07 20:29:11
307,Makakilo City,US,21.3469,-158.0858,82.72,58,75,10.36,broken clouds,2021-08-07 20:29:12
308,Chicama,PE,-7.8447,-79.1469,64.94,62,8,11.56,clear sky,2021-08-07 20:26:22
309,Rongcheng,CN,30.634,117.8517,74.86,92,0,2.46,clear sky,2021-08-07 20:29:12
310,Lakes Entrance,AU,-37.8811,147.981,44.58,88,100,3.04,overcast clouds,2021-08-07 20:26:03
311,Moose Factory,CA,51.2585,-80.6094,62.6,59,1,12.66,clear sky,2021-08-07 20:29:12
312,Clyde River,CA,70.4692,-68.5914,39.43,100,90,11.5,light intensity drizzle,2021-08-07 20:29:13
313,Shingu,JP,33.7333,135.9833,77.92,84,3,7.7,clear sky,2021-08-07 20:29:13
314,Luderitz,NA,-26.6481,15.1594,59.11,61,42,2.55,scattered clouds,2021-08-07 20:25:13
315,Sao Raimundo Das Mangabeiras,BR,-7.0219,-45.4811,93.15,23,0,9.35,clear sky,2021-08-07 20:29:13
316,Chekhov,RU,55.1431,37.4711,73.35,63,100,4.34,overcast clouds,2021-08-07 20:29:14
317,Riyadh,SA,24.6877,46.7219,95.14,12,49,8.3,scattered clouds,2021-08-07 20:29:14
318,Talas,TR,38.6908,35.5538,61.47,88,75,5.75,light intensity shower rain,2021-08-07 20:29:14
319,Ahipara,NZ,-35.1667,173.1667,54.23,87,99,8.88,overcast clouds,2021-08-07 20:29:15
320,Krasnoarmeysk,RU,51.0239,45.6969,67.06,32,100,6.53,overcast clouds,2021-08-07 20:29:15
321,Lokosovo,RU,61.1333,74.8167,61.36,86,0,5.48,clear sky,2021-08-07 20:29:15
322,San Patricio,US,28.017,-97.5169,95.41,43,0,16.89,clear sky,2021-08-07 20:25:36
323,Pran Buri,TH,12.3847,99.9098,79.88,75,88,6.49,overcast clouds,2021-08-07 20:27:05
324,Spoleto,IT,42.7448,12.7374,79.36,53,2,6.15,clear sky,2021-08-07 20:29:16
325,Shache,CN,38.4167,77.2406,78.91,34,100,13.49,overcast clouds,2021-08-07 20:29:16
326,Vostok,RU,46.4856,135.8833,57.85,99,100,4.61,overcast clouds,2021-08-07 20:27:11
327,Fuzhou,CN,26.0614,119.3061,78.69,98,36,2.04,scattered clouds,2021-08-07 20:29:16
328,Peniche,PT,39.3558,-9.3811,68.72,83,8,15.19,clear sky,2021-08-07 20:27:20
329,Almansa,ES,38.8692,-1.0971,80.69,29,0,8.16,clear sky,2021-08-07 20:29:17
330,Sabha,LY,27.0377,14.4283,93.31,8,0,3.44,clear sky,2021-08-07 20:29:17
331,Anadyr,RU,64.75,177.4833,46.9,81,75,11.18,broken clouds,2021-08-07 20:29:17
332,Tabou,CI,4.423,-7.3528,77.25,81,91,11.9,overcast clouds,2021-08-07 20:29:17
333,Karratha,AU,-20.7377,116.8463,69.67,66,59,6.08,broken clouds,2021-08-07 20:29:18
334,Boa Vista,BR,2.8197,-60.6733,76.98,78,90,6.91,overcast clouds,2021-08-07 20:24:36
335,Tlacotepec,MX,20.0667,-97.8667,73.11,76,49,7.2,scattered clouds,2021-08-07 20:29:18
336,Mitu,CO,1.1983,-70.1733,74.21,95,100,3.51,overcast clouds,2021-08-07 20:29:18
337,Kishi,NG,9.0833,3.85,71.73,96,100,5.48,overcast clouds,2021-08-07 20:29:19
338,Sao Filipe,CV,14.8961,-24.4956,79.2,80,47,5.97,scattered clouds,2021-08-07 20:29:19
339,College,US,64.8569,-147.8028,58.59,91,75,0.0,light rain,2021-08-07 20:29:19
340,Camocim,BR,-2.9022,-40.8411,86.14,58,34,14.56,scattered clouds,2021-08-07 20:29:20
341,Tatawin,TN,32.9297,10.4518,101.28,34,0,4.99,clear sky,2021-08-07 20:29:20
342,Del Rio,US,29.3627,-100.8968,96.91,45,1,19.57,clear sky,2021-08-07 20:29:20
343,Dulce Grande,MX,23.0,-102.1667,76.44,40,37,12.08,scattered clouds,2021-08-07 20:29:20
344,Reinosa,ES,42.9996,-4.138,57.2,97,100,5.19,overcast clouds,2021-08-07 20:29:21
345,Along,IN,28.1667,94.7667,75.97,98,100,0.38,moderate rain,2021-08-07 20:29:21
346,Zhangye,CN,38.9342,100.4517,68.31,43,83,5.46,broken clouds,2021-08-07 20:29:21
347,Halvad,IN,23.0167,71.1833,83.7,68,15,13.89,few clouds,2021-08-07 20:29:22
348,Saint-Felicien,CA,48.6501,-72.4491,70.48,52,75,12.66,broken clouds,2021-08-07 20:29:22
349,Leonforte,IT,37.6443,14.4007,78.82,42,0,2.73,clear sky,2021-08-07 20:29:22
350,Suluktu,KG,39.9337,69.57,71.08,34,100,5.97,overcast clouds,2021-08-07 20:29:22
351,Muros,ES,42.7762,-9.0603,64.24,77,1,7.05,clear sky,2021-08-07 20:29:23
352,Stolin,BY,51.8912,26.846,58.59,83,0,4.56,clear sky,2021-08-07 20:29:23
353,Souillac,MU,-20.5167,57.5167,70.36,78,40,8.05,scattered clouds,2021-08-07 20:29:23
354,Ancud,CL,-41.8697,-73.8203,53.42,70,79,8.86,broken clouds,2021-08-07 20:25:52
355,Jining,CN,35.405,116.5814,74.41,85,11,1.59,light rain,2021-08-07 20:29:24
356,Namatanai,PG,-3.6667,152.4333,77.4,82,79,6.06,moderate rain,2021-08-07 20:29:24
357,Bima,ID,-8.4667,118.7167,73.33,92,100,3.91,overcast clouds,2021-08-07 20:29:24
358,Ambon,ID,-3.6954,128.1814,75.34,100,40,3.44,scattered clouds,2021-08-07 20:29:13
359,Coihaique,CL,-45.5752,-72.0662,45.21,61,40,4.61,scattered clouds,2021-08-07 20:29:25
360,Alta Floresta,BR,-9.8756,-56.0861,94.82,21,20,3.44,few clouds,2021-08-07 20:26:57
361,Almaznyy,RU,48.0448,40.045,86.14,25,100,14.56,overcast clouds,2021-08-07 20:29:25
362,Amzya,RU,56.2354,54.3868,55.53,91,18,4.47,few clouds,2021-08-07 20:29:25
363,Port Arthur,CN,38.8,121.2667,73.62,77,2,5.26,clear sky,2021-08-07 20:29:25
364,Pleasantville,US,39.3898,-74.524,86.32,73,20,8.05,few clouds,2021-08-07 20:29:26
365,Mobaye,CF,4.319,21.1786,70.77,96,100,2.28,overcast clouds,2021-08-07 20:29:26
366,Luganville,VU,-15.5333,167.1667,76.15,83,98,12.17,overcast clouds,2021-08-07 20:29:26
367,Trenggalek,ID,-8.05,111.7167,73.71,96,39,1.3,scattered clouds,2021-08-07 20:28:06
368,Gold Coast,AU,-28.0,153.4333,51.3,93,0,3.44,clear sky,2021-08-07 20:29:27
369,Oyama,JP,36.3,139.8,77.67,94,100,10.56,moderate rain,2021-08-07 20:29:27
370,Jinka,ET,5.65,36.65,70.86,49,60,1.86,broken clouds,2021-08-07 20:29:27
371,Kosh-Agach,RU,50.0,88.6667,45.91,77,16,2.71,few clouds,2021-08-07 20:29:28
372,Jiayuguan,CN,39.8167,98.3,67.95,37,30,5.46,scattered clouds,2021-08-07 20:29:28
373,Uruzgan,AF,32.8333,66.0,73.49,16,0,1.48,clear sky,2021-08-07 20:29:28
374,Moron,AR,-34.6534,-58.6198,79.0,68,8,1.36,clear sky,2021-08-07 20:29:28
375,Turukhansk,RU,65.8167,87.9833,59.95,70,47,3.13,scattered clouds,2021-08-07 20:26:35
376,Carmaux,FR,44.051,2.158,67.71,66,89,5.84,overcast clouds,2021-08-07 20:29:29
377,El Cope,PA,8.6167,-80.6,74.66,92,100,2.06,overcast clouds,2021-08-07 20:29:29
378,Kidal,ML,18.4411,1.4078,90.25,37,87,14.03,overcast clouds,2021-08-07 20:29:27
379,Trinidad,BO,-14.8333,-64.9,91.38,43,20,8.05,smoke,2021-08-07 20:29:29
380,Sabang,ID,5.8933,95.3214,82.71,79,91,13.2,overcast clouds,2021-08-07 20:29:30
381,Nardaran,AZ,40.5561,50.0056,76.64,83,0,4.61,clear sky,2021-08-07 20:29:30
382,Nuuk,GL,64.1835,-51.7216,47.01,71,75,8.05,light rain,2021-08-07 20:26:25
383,Yerbogachen,RU,61.2767,108.0108,49.8,71,99,2.75,overcast clouds,2021-08-07 20:29:30
384,Moyale,KE,3.5167,39.0584,68.31,53,32,6.51,scattered clouds,2021-08-07 20:29:31
385,Bilibino,RU,68.0546,166.4372,50.13,60,12,8.43,few clouds,2021-08-07 20:29:31
386,Anamur,TR,36.0751,32.8369,78.82,67,0,5.06,clear sky,2021-08-07 20:29:31
387,Brae,GB,60.3964,-1.353,58.91,91,100,17.81,overcast clouds,2021-08-07 20:29:32
388,Sokolka,PL,53.4072,23.5023,59.56,86,23,5.91,few clouds,2021-08-07 20:29:32
389,Tromso,NO,69.6496,18.957,60.82,63,0,10.36,clear sky,2021-08-07 20:29:32
390,Hachinohe,JP,40.5,141.5,73.98,87,100,4.14,overcast clouds,2021-08-07 20:29:33
391,Kenai,US,60.5544,-151.2583,69.03,68,1,11.5,clear sky,2021-08-07 20:29:33
392,Bulgan,MN,48.8125,103.5347,54.52,79,100,3.47,overcast clouds,2021-08-07 20:29:33
393,Dwarka,IN,22.2394,68.9678,82.31,76,100,12.17,overcast clouds,2021-08-07 20:29:34
394,Belaya Gora,RU,68.5333,146.4167,53.78,73,24,2.68,few clouds,2021-08-07 20:29:34
395,Rockland,US,41.1668,-74.0496,88.05,58,100,6.82,overcast clouds,2021-08-07 20:29:34
396,Portland,US,45.5234,-122.6762,86.29,56,75,3.0,broken clouds,2021-08-07 20:26:34
397,Tartagal,AR,-22.5164,-63.8013,92.43,17,5,8.84,clear sky,2021-08-07 20:29:34
398,Jacareacanga,BR,-6.2222,-57.7528,98.8,20,1,3.74,clear sky,2021-08-07 20:29:35
399,Caxito,AO,-8.5785,13.6643,74.05,92,93,4.54,overcast clouds,2021-08-07 20:29:35
400,Puerto Escondido,MX,15.85,-97.0667,86.83,66,90,13.8,overcast clouds,2021-08-07 20:29:35
401,Severnyy,RU,50.677,36.5532,69.84,78,0,2.24,clear sky,2021-08-07 20:29:36
402,Dingle,PH,10.9995,122.6711,76.93,92,89,5.23,overcast clouds,2021-08-07 20:29:36
403,Mirante Do Paranapanema,BR,-22.2919,-51.9064,84.13,23,0,6.93,clear sky,2021-08-07 20:29:36
404,Kamiiso,JP,41.8167,140.65,75.65,93,97,7.56,overcast clouds,2021-08-07 20:29:36
405,Clarksville,US,36.5298,-87.3595,90.09,56,40,8.05,scattered clouds,2021-08-07 20:29:37
406,Mareeba,AU,-17.0,145.4333,63.48,90,92,2.59,overcast clouds,2021-08-07 20:29:37
407,Okhotsk,RU,59.3833,143.3,59.05,61,5,7.34,clear sky,2021-08-07 20:25:01
408,Takoradi,GH,4.8845,-1.7554,76.15,86,52,11.23,broken clouds,2021-08-07 20:29:38
409,San Jose,US,37.3394,-121.895,92.01,57,90,6.91,smoke,2021-08-07 20:27:13
410,Bonavista,CA,48.6499,-53.1147,71.6,75,100,18.1,overcast clouds,2021-08-07 20:25:51
411,Eyl,SO,7.9803,49.8164,76.05,81,31,24.47,scattered clouds,2021-08-07 20:29:38
412,Puerto Baquerizo Moreno,EC,-0.9,-89.6,76.19,69,40,13.8,scattered clouds,2021-08-07 20:29:39
413,Coquimbo,CL,-29.9533,-71.3436,60.53,63,40,11.5,scattered clouds,2021-08-07 20:25:07
414,Bismil,TR,37.8486,40.6658,82.51,27,27,2.17,scattered clouds,2021-08-07 20:29:40
415,East London,ZA,-33.0153,27.9116,59.99,82,29,11.88,scattered clouds,2021-08-07 20:24:53
416,Villa Maria,AR,-32.4075,-63.2402,81.77,26,0,6.55,clear sky,2021-08-07 20:29:40
417,Fort Oglethorpe,US,34.949,-85.2569,85.95,58,75,0.0,broken clouds,2021-08-07 20:29:41
418,Tagusao,PH,9.1924,117.8141,80.44,82,100,4.29,overcast clouds,2021-08-07 20:28:40
419,Ishigaki,JP,24.3448,124.1572,81.18,84,100,21.92,overcast clouds,2021-08-07 20:29:41
420,Chaguanas,TT,10.5167,-61.4167,85.95,60,40,11.5,scattered clouds,2021-08-07 20:29:41
421,Saint-Augustin,CA,51.226,-58.6502,71.28,73,100,11.16,overcast clouds,2021-08-07 20:29:42
422,Sozimskiy,RU,59.7418,52.2482,49.87,81,13,4.45,few clouds,2021-08-07 20:29:42
423,Sao Felix Do Xingu,BR,-6.6447,-51.995,97.07,20,39,4.68,scattered clouds,2021-08-07 20:29:42
424,Sheltozero,RU,61.3667,35.3667,60.75,93,100,19.75,moderate rain,2021-08-07 20:29:43
425,Lata,PT,40.1629,-8.3327,63.91,80,32,6.42,scattered clouds,2021-08-07 20:29:43
426,Batavia,US,41.85,-88.3126,89.91,64,75,1.01,broken clouds,2021-08-07 20:29:43
427,Atkinson,US,42.8384,-71.147,89.85,63,20,1.99,few clouds,2021-08-07 20:29:43
428,Kargasok,RU,59.0556,80.8572,61.77,88,76,5.39,broken clouds,2021-08-07 20:29:44
429,Nishihara,JP,26.1842,127.7558,78.85,97,90,19.57,light intensity shower rain,2021-08-07 20:28:48
430,Qingquan,CN,30.4511,115.2559,77.63,89,17,2.33,few clouds,2021-08-07 20:29:44
431,Hobyo,SO,5.3505,48.5268,76.37,82,98,27.69,overcast clouds,2021-08-07 20:24:59
432,Bac Lieu,VN,9.285,105.7244,79.88,87,95,9.15,overcast clouds,2021-08-07 20:25:47
433,Faro,PT,37.0194,-7.9322,74.98,50,0,14.97,clear sky,2021-08-07 20:29:45
434,Westport,US,41.1415,-73.3579,88.02,56,1,1.01,clear sky,2021-08-07 20:27:28
435,Bubaque,GW,11.2833,-15.8333,80.08,74,13,12.84,few clouds,2021-08-07 20:29:45
436,Ciudad Bolivar,VE,8.1222,-63.5497,90.73,42,41,2.19,scattered clouds,2021-08-07 20:29:45
437,Kambove,CD,-10.8764,26.5969,64.36,32,17,4.16,few clouds,2021-08-07 20:29:45
438,Atbasar,KZ,51.8,68.3333,60.69,71,4,6.76,clear sky,2021-08-07 20:29:46
439,Huambo,AO,-12.7761,15.7392,61.74,17,7,4.45,clear sky,2021-08-07 20:29:46
440,Winnemucca,US,40.973,-117.7357,91.45,9,1,4.72,clear sky,2021-08-07 20:25:01
441,Pevek,RU,69.7008,170.3133,41.58,76,24,4.74,few clouds,2021-08-07 20:29:47
442,Chara,RU,56.9064,118.2631,61.66,83,100,1.32,overcast clouds,2021-08-07 20:29:47
443,Madingou,CG,-4.1536,13.55,76.26,69,81,6.96,broken clouds,2021-08-07 20:29:47
444,Kamenka,RU,51.3223,42.7678,73.71,32,100,12.28,overcast clouds,2021-08-07 20:29:47
445,Amalapuram,IN,16.5833,82.0167,83.26,79,92,5.39,overcast clouds,2021-08-07 20:29:48
446,Tricase,IT,39.9304,18.3553,81.82,58,0,3.67,clear sky,2021-08-07 20:29:48
447,Beni Suef,EG,29.0731,31.0979,88.88,38,0,15.86,clear sky,2021-08-07 20:29:48
448,San Isidro,PE,-12.1167,-77.05,63.99,81,90,1.01,overcast clouds,2021-08-07 20:29:49
449,Zhicheng,CN,30.2956,111.5047,77.95,85,84,2.1,light rain,2021-08-07 20:29:49
450,Tazovskiy,RU,67.4667,78.7,56.17,80,8,5.93,clear sky,2021-08-07 20:29:49
451,Soe,ID,-9.8607,124.284,59.2,90,88,4.5,overcast clouds,2021-08-07 20:29:50
452,Bodden Town,KY,19.2833,-81.25,89.98,69,20,3.0,few clouds,2021-08-07 20:29:50
453,Tabuk,PH,17.4189,121.4443,76.98,79,100,2.44,overcast clouds,2021-08-07 20:29:50
454,Kautokeino,NO,69.0125,23.0412,58.73,58,100,8.68,overcast clouds,2021-08-07 20:29:12
455,Caaguazu,PY,-25.45,-56.0167,83.61,29,0,7.34,clear sky,2021-08-07 20:29:51
456,Vitim,RU,59.4511,112.5578,55.98,98,100,2.57,overcast clouds,2021-08-07 20:29:51
457,Fortuna,US,40.5982,-124.1573,71.92,75,1,3.0,clear sky,2021-08-07 20:25:25
458,Lhokseumawe,ID,5.1801,97.1507,77.5,87,81,3.56,broken clouds,2021-08-07 20:29:51
459,Tura,IN,25.5198,90.2201,74.73,99,100,4.72,overcast clouds,2021-08-07 20:29:51
460,De Aar,ZA,-30.6497,24.0123,52.11,19,32,4.16,scattered clouds,2021-08-07 20:29:52
461,West Lake Stevens,US,47.9934,-122.1018,70.2,87,90,3.0,overcast clouds,2021-08-07 20:29:52
462,Deloraine,AU,-41.5333,146.6667,40.24,95,72,1.88,broken clouds,2021-08-07 20:29:52
463,Ayagoz,KZ,47.9714,80.4392,62.85,39,3,4.94,clear sky,2021-08-07 20:29:53
464,Rio Grande,BR,-32.035,-52.0986,73.51,81,0,11.1,clear sky,2021-08-07 20:29:53
465,Vysokogornyy,RU,50.1167,139.15,47.52,97,100,8.23,heavy intensity rain,2021-08-07 20:29:53
466,Truro,GB,50.2653,-5.0544,60.08,82,40,19.57,scattered clouds,2021-08-07 20:29:54
467,High Level,CA,58.5169,-117.136,68.11,52,75,4.61,broken clouds,2021-08-07 20:29:54
468,Phonhong,LA,18.5007,102.4166,75.92,93,100,1.23,overcast clouds,2021-08-07 20:29:54
469,Maraa,BR,-1.8333,-65.3667,77.5,84,100,5.21,overcast clouds,2021-08-07 20:29:54
470,Peleduy,RU,59.6289,112.7406,56.37,98,100,2.55,overcast clouds,2021-08-07 20:29:55
471,Mnogovershinnyy,RU,53.9353,139.9242,45.0,98,100,3.76,overcast clouds,2021-08-07 20:29:55
472,Baykit,RU,61.67,96.37,56.48,64,97,3.04,overcast clouds,2021-08-07 20:29:55
473,Wuwei,CN,37.9281,102.6414,64.9,57,98,3.58,overcast clouds,2021-08-07 20:29:56
474,Japura,ID,-0.3167,102.35,76.71,94,99,2.95,overcast clouds,2021-08-07 20:27:29
475,San Miguel,SV,13.4833,-88.1833,92.86,49,0,3.44,clear sky,2021-08-07 20:29:56
476,Nhulunbuy,AU,-12.2333,136.7667,68.61,77,4,6.91,clear sky,2021-08-07 20:25:41
477,Harper,LR,4.375,-7.7169,77.31,79,98,11.77,overcast clouds,2021-08-07 20:29:56
478,Kongolo,CD,-5.3833,27.0,81.88,22,100,2.26,overcast clouds,2021-08-07 20:29:57
479,Ohangaron,UZ,40.9064,69.6383,77.14,21,13,3.06,few clouds,2021-08-07 20:29:57
480,Plouzane,FR,48.3833,-4.6167,59.32,82,75,8.05,broken clouds,2021-08-07 20:29:57
481,Araouane,ML,18.9048,-3.5265,103.62,21,100,5.41,overcast clouds,2021-08-07 20:29:58
482,Talcahuano,CL,-36.7167,-73.1167,56.88,54,75,11.5,broken clouds,2021-08-07 20:29:58
483,Chapais,CA,49.7834,-74.8492,64.18,32,4,8.14,clear sky,2021-08-07 20:29:58
484,Tezu,IN,27.9167,96.1667,77.32,98,100,2.77,overcast clouds,2021-08-07 20:29:58
485,Kuryk,KZ,43.2,51.65,88.66,28,0,1.86,clear sky,2021-08-07 20:29:59
486,Manzhouli,CN,49.6,117.4333,61.86,78,59,5.7,broken clouds,2021-08-07 20:29:59
487,Jhajjar,IN,28.6063,76.6565,88.32,71,95,3.15,overcast clouds,2021-08-07 20:29:59
488,Seminole,US,28.7086,-81.2081,96.28,68,20,1.01,few clouds,2021-08-07 20:30:00
489,Muttupet,IN,10.4,79.4833,82.35,73,75,6.67,broken clouds,2021-08-07 20:30:00
490,Sladkovo,RU,55.5284,70.3385,59.2,90,99,7.23,overcast clouds,2021-08-07 20:30:00
491,The Valley,AI,18.217,-63.0578,87.66,70,40,13.8,scattered clouds,2021-08-07 20:30:01
492,Cayenne,GF,4.9333,-52.3333,85.08,76,0,4.0,clear sky,2021-08-07 20:30:01
493,Sao Miguel Do Araguaia,BR,-13.275,-50.1628,83.07,32,100,5.12,overcast clouds,2021-08-07 20:30:01
494,Koumac,NC,-20.5667,164.2833,68.05,71,100,4.85,overcast clouds,2021-08-07 20:30:01
495,Pochutla,MX,15.7432,-96.4661,85.05,71,100,5.55,overcast clouds,2021-08-07 20:30:07
496,Hidrolandia,BR,-4.4081,-40.4378,88.47,32,91,5.7,overcast clouds,2021-08-07 20:30:07
497,Okakarara,NA,-20.5833,17.4333,59.58,27,1,4.56,clear sky,2021-08-07 20:30:08
498,Shimoda,JP,34.6667,138.95,78.08,91,100,27.31,heavy intensity rain,2021-08-07 20:28:33
499,Yar-Sale,RU,66.8333,70.8333,56.79,85,10,11.61,clear sky,2021-08-07 20:30:08
500,San Lorenzo,PY,-25.3333,-57.5333,88.74,33,0,10.36,clear sky,2021-08-07 20:30:09
501,Gemena,CD,3.25,19.7667,69.26,98,100,1.86,overcast clouds,2021-08-07 20:30:09
502,Synya,RU,65.3718,58.0387,50.09,98,100,8.37,overcast clouds,2021-08-07 20:30:09
503,Dalbandin,PK,28.8947,64.4101,85.68,11,2,3.0,clear sky,2021-08-07 20:30:10
504,Praxedis Guerrero,MX,31.3667,-106.0167,99.86,16,66,3.65,broken clouds,2021-08-07 20:30:10
505,Lima,PE,-12.0432,-77.0282,62.85,68,90,10.36,overcast clouds,2021-08-07 20:29:18
506,Vicuna,CL,-30.0319,-70.7081,53.33,52,0,7.18,clear sky,2021-08-07 20:25:41
507,Luanda,AO,-8.8368,13.2343,73.4,83,0,4.61,clear sky,2021-08-07 20:25:50
508,Penne,IT,42.4538,13.9299,75.43,52,0,6.51,clear sky,2021-08-07 20:30:11
509,Filadelfia,US,39.9523,-75.1638,88.18,59,75,5.01,broken clouds,2021-08-07 20:25:18
510,Chapayeve,UA,49.3662,35.8749,71.42,80,100,8.08,overcast clouds,2021-08-07 20:30:11
511,Bauchi,NG,10.5,10.0,69.17,95,100,7.87,light rain,2021-08-07 20:30:12
512,Williams Lake,CA,52.1415,-122.1445,64.22,53,75,1.99,broken clouds,2021-08-07 20:30:12
513,Tiassale,CI,5.8983,-4.8283,75.43,85,78,5.14,broken clouds,2021-08-07 20:30:13
514,Koygorodok,RU,60.445,50.9968,49.26,79,83,3.33,broken clouds,2021-08-07 20:30:13
515,Lazaro Cardenas,MX,17.9583,-102.2,86.77,65,100,8.61,overcast clouds,2021-08-07 20:26:56
516,Waingapu,ID,-9.6567,120.2641,73.2,82,46,8.68,scattered clouds,2021-08-07 20:30:14
517,Razam,IN,18.4667,83.6667,80.38,82,100,1.23,overcast clouds,2021-08-07 20:30:14
518,Solnechnyy,RU,50.7214,136.6319,48.58,98,100,9.57,moderate rain,2021-08-07 20:30:14
519,Ouadda,CF,8.0777,22.4007,66.47,99,100,2.17,overcast clouds,2021-08-07 20:30:15
520,Magadan,RU,59.5667,150.8,57.4,71,28,4.29,scattered clouds,2021-08-07 20:30:15
521,Ryki,PL,51.6257,21.9327,63.18,80,39,7.63,scattered clouds,2021-08-07 20:30:15
522,Finnsnes,NO,69.2296,17.9811,60.76,72,99,4.88,overcast clouds,2021-08-07 20:30:15
523,Iralaya,HN,15.0,-83.2333,87.89,77,62,9.93,broken clouds,2021-08-07 20:30:16
524,Luce,FR,48.4369,1.4636,59.7,83,83,13.0,broken clouds,2021-08-07 20:30:16
525,Talaya,RU,61.3833,152.75,48.69,91,100,3.56,overcast clouds,2021-08-07 20:30:16
526,Dubbo,AU,-32.25,148.6167,39.33,93,0,10.36,clear sky,2021-08-07 20:25:33
527,Jackson,US,42.4165,-122.8345,91.92,39,1,3.0,smoke,2021-08-07 20:27:42
528,Dawei,MM,14.0833,98.2,76.62,93,100,1.21,overcast clouds,2021-08-07 20:30:17
529,Assiniboia,CA,49.6334,-105.9845,85.91,30,77,12.66,broken clouds,2021-08-07 20:30:17
530,Peabiru,BR,-23.9128,-52.3431,80.82,44,1,2.3,clear sky,2021-08-07 20:30:17
531,Batagay-Alyta,RU,67.8006,130.4114,62.02,45,27,2.77,scattered clouds,2021-08-07 20:30:18
532,Altay,CN,47.8667,88.1167,59.47,53,27,4.76,scattered clouds,2021-08-07 20:30:18
533,Flinders,AU,-34.5833,150.8552,55.2,86,50,9.62,scattered clouds,2021-08-07 20:27:12
534,Port Blair,IN,11.6667,92.75,82.02,83,100,14.38,overcast clouds,2021-08-07 20:25:20
535,Labuan,MY,5.2767,115.2417,75.56,94,40,2.3,thunderstorm with heavy rain,2021-08-07 20:30:18
536,Barma,SL,8.35,-11.3333,71.28,85,92,1.39,overcast clouds,2021-08-07 20:30:19
537,Richards Bay,ZA,-28.783,32.0377,60.33,86,0,4.43,clear sky,2021-08-07 20:30:19
538,Phaltan,IN,17.9833,74.4333,75.09,81,6,6.33,clear sky,2021-08-07 20:30:19
539,Gizo,SB,-8.103,156.8419,81.81,76,82,12.08,broken clouds,2021-08-07 20:30:20
540,Buncrana,IE,55.1333,-7.45,58.14,97,91,11.77,overcast clouds,2021-08-07 20:30:20
541,Atambua,ID,-9.1061,124.8925,65.61,81,42,6.11,scattered clouds,2021-08-07 20:30:20
542,Zambezi,ZM,-13.5432,23.1047,61.16,22,2,4.94,clear sky,2021-08-07 20:30:20
543,Caravelas,BR,-17.7125,-39.2481,68.04,84,100,10.94,overcast clouds,2021-08-07 20:27:00
544,Krasnovishersk,RU,60.4078,57.082,50.25,84,71,6.42,broken clouds,2021-08-07 20:30:21
545,Solenzo,BF,12.1833,-4.0833,76.69,80,42,6.53,scattered clouds,2021-08-07 20:30:21
546,Saratovskaya,RU,44.7103,39.2244,78.78,63,100,9.75,light rain,2021-08-07 20:30:21
547,Sakakah,SA,29.9697,40.2064,92.77,16,0,1.95,clear sky,2021-08-07 20:30:22
548,Hualmay,PE,-11.0964,-77.6139,67.64,70,18,12.97,few clouds,2021-08-07 20:27:08
549,Agadez,NE,19.75,10.25,96.17,9,8,7.47,clear sky,2021-08-07 20:30:22
550,Jian,CN,27.1172,114.9793,79.47,91,4,2.51,light rain,2021-08-07 20:25:49
551,Fare,PF,-16.7,-151.0167,78.03,74,16,6.82,few clouds,2021-08-07 20:30:22
552,Andenes,NO,69.3143,16.1194,63.46,82,69,3.44,broken clouds,2021-08-07 20:30:23
553,Volsk,RU,52.0333,47.3833,69.93,41,99,5.82,overcast clouds,2021-08-07 20:30:23
554,Acapulco,MX,16.8634,-99.8901,87.62,66,40,8.05,scattered clouds,2021-08-07 20:30:23
555,Sobolevo,RU,54.4299,31.8996,55.44,94,100,5.7,overcast clouds,2021-08-07 20:30:24
556,Concarneau,FR,47.875,-3.9225,61.05,87,36,13.35,scattered clouds,2021-08-07 20:30:24
557,Tual,ID,-5.6667,132.75,80.31,79,69,22.46,broken clouds,2021-08-07 20:25:55
558,Tekeli,KZ,44.83,78.8239,60.82,39,0,7.65,clear sky,2021-08-07 20:30:25
559,Padang,ID,-0.9492,100.3543,77.18,89,35,3.47,scattered clouds,2021-08-07 20:30:25
560,Ardmore,US,34.1743,-97.1436,94.55,54,40,11.01,scattered clouds,2021-08-07 20:30:07
561,Barranca,PE,-10.75,-77.7667,65.91,72,10,13.33,clear sky,2021-08-07 20:30:26
562,Vestmannaeyjar,IS,63.4427,-20.2734,55.33,90,100,10.58,overcast clouds,2021-08-07 20:30:26
563,Mlonggo,ID,-6.5333,110.7,77.81,87,19,5.06,few clouds,2021-08-07 20:30:26
564,Gamba,GA,-2.65,10.0,73.4,84,100,5.53,overcast clouds,2021-08-07 20:30:26
565,Zaozerne,UA,45.1582,33.2787,76.95,59,66,22.3,broken clouds,2021-08-07 20:30:27
566,Saint-Pierre,RE,-21.3393,55.4781,71.24,76,20,4.61,few clouds,2021-08-07 20:30:27
567,Bella Vista,US,36.4295,-94.2316,91.26,52,1,1.01,clear sky,2021-08-07 20:30:27
568,Lyngseidet,NO,69.5763,20.2189,60.89,63,98,9.26,overcast clouds,2021-08-07 20:30:28
569,Havoysund,NO,70.9963,24.6622,61.68,72,98,6.62,overcast clouds,2021-08-07 20:30:28
570,Gazanjyk,TM,39.2446,55.5154,94.23,14,0,11.18,clear sky,2021-08-07 20:30:28
571,Ylojarvi,FI,61.5563,23.5961,58.91,94,90,17.27,light rain,2021-08-07 20:30:29
572,Iskateley,RU,67.6803,53.1512,42.12,94,100,6.2,overcast clouds,2021-08-07 20:30:29
573,Kisanga,TZ,-7.4362,37.7034,72.14,69,64,3.51,broken clouds,2021-08-07 20:30:29
574,Camana,PE,-16.6228,-72.7111,63.54,77,53,7.85,broken clouds,2021-08-07 20:30:29
575,Iquitos,PE,-3.7481,-73.2472,91.44,52,40,5.75,scattered clouds,2021-08-07 20:30:30
576,Kyshtovka,RU,56.555,76.6271,61.68,90,99,5.17,overcast clouds,2021-08-07 20:30:30
577,Addis Abeba,ET,9.025,38.7469,58.08,94,75,4.61,moderate rain,2021-08-07 20:26:58
578,Whitehorse,CA,60.7161,-135.0538,63.1,82,75,4.61,broken clouds,2021-08-07 20:30:12
579,Zharkent,KZ,44.1628,80.0,68.38,33,0,6.6,clear sky,2021-08-07 20:30:31
580,Antofagasta,CL,-23.65,-70.4,60.08,72,19,8.08,few clouds,2021-08-07 20:26:01
581,Mumbwa,ZM,-14.9783,27.0619,61.9,38,0,4.14,clear sky,2021-08-07 20:30:31
582,Vanavara,RU,60.34,102.2797,50.34,69,21,2.13,few clouds,2021-08-07 20:30:31
583,Nakhon Ratchasima,TH,15.0,102.1667,78.03,82,99,5.95,overcast clouds,2021-08-07 20:30:32
584,Korenovsk,RU,45.4686,39.4519,78.91,61,100,3.53,light rain,2021-08-07 20:30:32
585,Puerto Del Rosario,ES,28.5004,-13.8627,74.95,73,75,16.11,broken clouds,2021-08-07 20:30:32
586,Ptichye,RU,45.5168,41.7115,82.78,65,100,7.18,light rain,2021-08-07 20:30:33
587,Abu Kamal,SY,34.4506,40.9171,94.28,21,0,7.45,clear sky,2021-08-07 20:30:33
588,Maniitsoq,GL,65.4167,-52.9,42.26,90,100,5.75,light rain,2021-08-07 20:30:33
589,Sarangpur,IN,23.5667,76.4667,73.71,91,80,6.71,broken clouds,2021-08-07 20:30:34
590,Sambava,MG,-14.2667,50.1667,70.03,86,84,10.29,light rain,2021-08-07 20:30:34
591,Rio Gallegos,AR,-51.6226,-69.2181,41.05,56,20,29.93,few clouds,2021-08-07 20:30:34
592,Grand Island,US,40.925,-98.342,83.35,61,20,9.22,few clouds,2021-08-07 20:30:34
593,Port Hardy,CA,50.6996,-127.4199,66.38,72,75,12.66,light rain,2021-08-07 20:26:46
594,Akyab,MM,20.15,92.9,80.02,85,58,1.28,broken clouds,2021-08-07 20:30:35
595,Traverse City,US,44.7631,-85.6206,83.14,73,90,6.91,overcast clouds,2021-08-07 20:30:04
596,Pundaguitan,PH,6.3711,126.1689,80.85,79,100,13.53,overcast clouds,2021-08-07 20:30:35
597,Rocha,UY,-34.4833,-54.3333,66.22,84,7,4.99,clear sky,2021-08-07 20:30:35
598,Husavik,IS,66.0449,-17.3389,57.11,73,89,2.39,overcast clouds,2021-08-07 20:30:36
599,Bud,US,39.447,-86.1758,88.18,64,14,5.19,few clouds,2021-08-07 20:30:36
600,Inhambane,MZ,-23.865,35.3833,66.76,82,0,6.29,clear sky,2021-08-07 20:26:48
601,Bang Saphan,TH,11.2126,99.5117,78.58,85,87,6.29,overcast clouds,2021-08-07 20:30:37
602,Dzidzantun,MX,21.25,-89.05,89.42,56,67,11.72,broken clouds,2021-08-07 20:30:37
603,Moba,CN,33.2288,105.0179,61.84,94,100,3.22,overcast clouds,2021-08-07 20:30:37
604,Jijiga,ET,9.35,42.8,65.34,77,99,6.15,overcast clouds,2021-08-07 20:30:37
605,Deniliquin,AU,-35.5333,144.9667,44.01,94,6,5.82,clear sky,2021-08-07 20:26:56
606,Campobello Di Licata,IT,37.2584,13.9183,82.62,54,0,3.2,clear sky,2021-08-07 20:30:38
607,Mwinilunga,ZM,-11.7358,24.4293,61.61,29,5,4.76,clear sky,2021-08-07 20:30:38
608,Tautira,PF,-17.7333,-149.15,84.22,77,50,8.79,light rain,2021-08-07 20:30:38
609,Katsuura,JP,35.1333,140.3,78.91,97,100,29.12,heavy intensity rain,2021-08-07 20:30:39
610,Porto Novo,BJ,6.4965,2.6036,78.62,93,100,5.84,moderate rain,2021-08-07 20:30:39
611,Ust-Kuyga,RU,70.0167,135.6,63.57,42,90,1.95,overcast clouds,2021-08-07 20:30:39
612,Sohbatpur,PK,28.5202,68.5434,93.69,42,37,6.49,scattered clouds,2021-08-07 20:30:40
613,Meulaboh,ID,4.1363,96.1285,76.96,88,99,5.53,overcast clouds,2021-08-07 20:26:42
614,Roald,NO,62.5833,6.1333,68.05,72,0,1.14,clear sky,2021-08-07 20:29:45
615,Parsabad,IR,39.6482,47.9174,79.12,65,0,0.0,clear sky,2021-08-07 20:30:40
616,Ruteng,ID,-8.6136,120.4721,57.81,93,19,1.52,few clouds,2021-08-07 20:30:40
617,Omboue,GA,-1.5746,9.2618,74.32,84,100,8.7,overcast clouds,2021-08-07 20:30:41
618,Bereda,ES,43.2686,-7.5406,60.55,84,8,2.35,clear sky,2021-08-07 20:30:41
619,Altamira,BR,-3.2033,-52.2064,91.49,55,20,2.3,few clouds,2021-08-07 20:30:41
620,Lumsden,CA,50.6501,-104.8678,85.17,26,80,13.82,broken clouds,2021-08-07 20:30:41
621,Moncao,PT,42.0789,-8.4808,64.53,95,8,1.14,clear sky,2021-08-07 20:30:42
622,Gasa,PS,31.5,34.4667,84.18,76,0,8.46,clear sky,2021-08-07 20:30:42
623,Ilo,PE,-17.6394,-71.3375,61.66,77,90,9.22,overcast clouds,2021-08-07 20:30:42
624,Rincon,US,32.296,-81.2354,88.25,74,75,10.36,broken clouds,2021-08-07 20:25:49
625,Maua,BR,-23.6678,-46.4614,69.6,81,100,4.63,overcast clouds,2021-08-07 20:30:43
626,Linxia,CN,35.6003,103.2064,59.92,68,100,4.0,overcast clouds,2021-08-07 20:30:43
627,Oistins,BB,13.0667,-59.5333,86.09,66,20,11.5,few clouds,2021-08-07 20:30:44
628,Kalmunai,LK,7.4167,81.8167,78.21,87,100,5.21,overcast clouds,2021-08-07 20:30:44
629,Sydney Mines,CA,46.2367,-60.2177,81.19,73,75,5.99,broken clouds,2021-08-07 20:30:44
630,Banda Aceh,ID,5.5577,95.3222,79.29,84,86,7.34,overcast clouds,2021-08-07 20:30:45
631,Marzuq,YE,14.4,46.4667,86.49,37,98,6.38,overcast clouds,2021-08-07 20:30:45
632,Amahai,ID,-3.3333,128.9167,76.37,90,100,3.06,moderate rain,2021-08-07 20:30:45
633,Poum,NC,-20.2333,164.0167,69.66,70,99,8.34,overcast clouds,2021-08-07 20:30:45
634,Pitimbu,BR,-7.4706,-34.8086,73.99,79,34,19.93,scattered clouds,2021-08-07 20:30:46
635,Birao,CF,10.2849,22.7882,69.04,97,94,4.38,overcast clouds,2021-08-07 20:30:46
636,Sao Joao Da Barra,BR,-21.6403,-41.0511,71.69,70,100,13.24,light rain,2021-08-07 20:26:04
637,Gimbi,ET,9.1667,35.8333,54.7,97,100,2.24,overcast clouds,2021-08-07 20:30:46
638,Touros,BR,-5.1989,-35.4608,81.5,75,64,18.79,broken clouds,2021-08-07 20:30:47
639,Thul,PK,28.2403,68.7759,89.55,44,43,7.09,scattered clouds,2021-08-07 20:30:47
640,Velykyy Burluk,UA,50.0379,37.3987,71.55,54,99,6.02,light rain,2021-08-07 20:30:47
641,Urumqi,CN,43.801,87.6005,72.55,38,0,6.71,clear sky,2021-08-07 20:26:21
642,Sur,OM,22.5667,59.5289,90.09,54,91,11.07,overcast clouds,2021-08-07 20:30:48
643,Dabra,IN,25.9,78.3333,81.5,90,98,1.99,overcast clouds,2021-08-07 20:30:48
644,Vizinga,RU,61.0749,50.1031,49.35,78,95,3.51,overcast clouds,2021-08-07 20:30:48
645,Taksimo,RU,56.3444,114.8794,58.84,99,100,2.39,heavy intensity rain,2021-08-07 20:30:49
646,Mlimba,TZ,-8.8,35.8167,67.82,66,5,3.22,clear sky,2021-08-07 20:30:49
647,Riachao Das Neves,BR,-11.7461,-44.91,77.43,32,24,4.74,few clouds,2021-08-07 20:30:49
648,Sulangan,PH,11.1373,123.7228,83.73,74,89,3.38,overcast clouds,2021-08-07 20:30:49
649,Sioux Lookout,CA,50.1001,-91.917,71.98,53,75,10.36,smoke,2021-08-07 20:30:50
650,Christchurch,NZ,-43.5333,172.6333,42.01,90,90,10.36,light rain,2021-08-07 20:30:11
651,Muli,MV,2.9167,73.5667,80.13,78,100,6.13,moderate rain,2021-08-07 20:30:50
652,La Paz,BO,-16.5,-68.15,64.38,17,20,10.36,few clouds,2021-08-07 20:27:04
653,Palasa,IN,18.7667,84.4167,81.91,81,100,6.24,overcast clouds,2021-08-07 20:30:51
654,Estevan,CA,49.1334,-102.9842,89.94,35,1,13.8,clear sky,2021-08-07 20:30:51
655,Lompoc,US,34.6391,-120.4579,82.22,65,1,14.97,clear sky,2021-08-07 20:30:52
656,Dubai,AE,25.2582,55.3047,98.22,59,0,3.44,clear sky,2021-08-07 20:28:20
657,Nome,US,64.5011,-165.4064,48.27,81,90,9.22,light rain,2021-08-07 20:30:52
658,Galesong,ID,-5.3166,119.3661,73.42,75,93,4.36,overcast clouds,2021-08-07 20:30:52
659,Edd,ER,13.9297,41.6925,90.03,70,100,3.62,overcast clouds,2021-08-07 20:29:41
660,Portsmouth,GB,50.799,-1.0913,62.73,77,44,8.99,scattered clouds,2021-08-07 20:30:53
661,Emerald,AU,-23.5333,148.1667,51.94,54,0,16.11,clear sky,2021-08-07 20:30:53
662,North Bend,US,43.4065,-124.2243,88.95,68,1,9.22,clear sky,2021-08-07 20:30:53
663,Lucena,PH,13.9314,121.6172,76.08,83,100,4.12,overcast clouds,2021-08-07 20:30:54
664,Zyryanka,RU,65.75,150.85,53.92,70,24,7.83,few clouds,2021-08-07 20:30:54
665,Mahibadhoo,MV,3.7833,72.9667,82.53,76,100,12.53,overcast clouds,2021-08-07 20:30:54
666,Tilichiki,RU,60.4667,166.1,47.7,83,100,7.2,overcast clouds,2021-08-07 20:26:36
667,Anloga,GH,5.7947,0.8973,79.02,85,100,15.52,overcast clouds,2021-08-07 20:30:55
668,Novobirilyussy,RU,56.9514,90.6661,57.85,91,48,3.15,scattered clouds,2021-08-07 20:30:55
669,Wewak,PG,-3.5534,143.6268,76.6,89,99,4.88,overcast clouds,2021-08-07 20:30:55
670,Basco,PH,20.4487,121.9702,83.88,86,88,28.61,overcast clouds,2021-08-07 20:30:56
671,Manjeshwar,IN,12.7194,74.8861,76.15,89,100,3.76,overcast clouds,2021-08-07 20:30:56
672,Kandi,BJ,11.1342,2.9386,74.23,94,88,5.3,overcast clouds,2021-08-07 20:30:56
673,Fuerte Olimpo,PY,-21.0415,-57.8738,92.32,19,0,7.63,clear sky,2021-08-07 20:30:57
674,Salinopolis,BR,-0.6136,-47.3561,80.29,77,44,12.1,scattered clouds,2021-08-07 20:30:57
675,Losone,CH,46.1687,8.7593,74.93,100,75,3.44,broken clouds,2021-08-07 20:30:57
676,Petropavlovsk-Kamchatskiy,RU,53.0452,158.6483,45.19,100,40,4.47,scattered clouds,2021-08-07 20:30:57
677,Wamba,NG,8.9333,8.6,70.27,98,89,2.82,overcast clouds,2021-08-07 20:30:58
678,Sangmelima,CM,2.9333,11.9833,67.69,99,100,4.05,overcast clouds,2021-08-07 20:30:58
679,Margate,GB,51.3813,1.3862,62.91,85,91,3.0,overcast clouds,2021-08-07 20:30:58
680,Hambantota,LK,6.1241,81.1185,79.0,81,100,19.04,overcast clouds,2021-08-07 20:30:59
681,Comodoro Rivadavia,AR,-45.8667,-67.5,53.46,22,0,18.41,clear sky,2021-08-07 20:30:59
682,Mokhsogollokh,RU,61.4681,128.9203,55.99,64,15,7.85,few clouds,2021-08-07 20:30:59
683,Thunder Bay,CA,48.4001,-89.3168,68.99,67,75,13.8,broken clouds,2021-08-07 20:31:00
684,Ugoofaaru,MV,5.6667,73.0,82.6,76,100,15.61,overcast clouds,2021-08-07 20:31:00
685,Ingham,US,42.6,-84.3833,86.45,62,40,0.0,scattered clouds,2021-08-07 20:31:00
686,Calabozo,VE,8.9242,-67.4293,86.95,59,68,3.18,broken clouds,2021-08-07 20:31:01
687,Teya,RU,60.3778,92.6267,57.97,73,77,2.08,broken clouds,2021-08-07 20:31:01
688,Grand Gaube,MU,-20.0064,57.6608,70.38,74,33,1.99,light rain,2021-08-07 20:27:01
689,Bhandara,IN,21.1667,79.65,79.39,83,93,3.53,overcast clouds,2021-08-07 20:31:01
690,Luorong,CN,24.4058,109.6086,79.59,92,100,1.66,light rain,2021-08-07 20:31:02
691,Port Hawkesbury,CA,45.6169,-61.3485,81.01,75,1,1.99,clear sky,2021-08-07 20:31:02
692,Kemin,KG,42.7846,75.6892,67.14,34,23,5.82,few clouds,2021-08-07 20:31:02
693,Vrangel,RU,42.7297,133.0839,69.58,93,43,8.12,scattered clouds,2021-08-07 20:31:02
694,Volksrust,ZA,-27.3654,29.8818,43.52,45,0,3.83,clear sky,2021-08-07 20:31:03
695,Abu Dhabi,AE,24.4667,54.3667,95.11,63,0,4.61,clear sky,2021-08-07 20:30:02
696,Haines Junction,CA,60.7522,-137.5108,60.75,72,61,2.3,broken clouds,2021-08-07 20:31:03
697,Tucupita,VE,9.0622,-62.051,82.26,77,69,5.46,broken clouds,2021-08-07 20:31:04
698,Kiknur,RU,57.3034,47.2011,55.6,94,74,6.31,broken clouds,2021-08-07 20:31:04
699,Hofn,IS,64.2539,-15.2082,59.02,72,90,6.91,light rain,2021-08-07 20:31:04
700,Santa Cruz Del Sur,CU,20.7147,-77.9956,87.08,62,10,8.41,light rain,2021-08-07 20:31:04
701,Opuwo,NA,-18.0607,13.84,67.64,20,0,6.11,clear sky,2021-08-07 20:30:33
702,Vargashi,RU,55.3556,65.8467,56.48,79,55,5.55,broken clouds,2021-08-07 20:31:05
703,Suntar,RU,62.1444,117.6319,60.69,98,100,4.41,overcast clouds,2021-08-07 20:31:05
704,Pedernales,DO,18.0384,-71.744,86.14,61,1,8.21,clear sky,2021-08-07 20:31:05
705,Menongue,AO,-14.6585,17.691,57.54,20,0,4.43,clear sky,2021-08-07 20:26:36
706,Sidi Ali,DZ,36.0998,0.4206,76.08,54,0,4.45,clear sky,2021-08-07 20:31:06
707,Stornoway,GB,58.2093,-6.3865,59.94,94,74,5.75,broken clouds,2021-08-07 20:31:06
708,Pathardi,IN,19.1667,75.1833,76.33,79,40,6.96,scattered clouds,2021-08-07 20:31:06
709,Laguna,US,38.421,-121.4238,100.2,39,1,5.75,clear sky,2021-08-07 20:26:48
710,Maskinonge,CA,46.2286,-73.0192,80.87,81,60,10.89,broken clouds,2021-08-07 20:31:07
711,Ati,TD,13.2154,18.3353,79.52,67,78,4.29,broken clouds,2021-08-07 20:31:07
712,Belyy Yar,RU,53.6039,91.3903,58.89,94,100,2.24,overcast clouds,2021-08-07 20:31:07
713,Ipameri,BR,-17.7219,-48.1597,70.12,42,90,6.71,overcast clouds,2021-08-07 20:31:08
714,Egvekinot,RU,66.3167,-179.1667,34.72,84,97,17.85,overcast clouds,2021-08-07 20:26:10
715,Kamina,CD,-8.7386,24.9906,66.31,26,82,4.0,broken clouds,2021-08-07 20:31:08
